Activity Type,Date,Favorite,Title,Distance,Calories,Time,Avg HR,Max HR,Aerobic TE,Avg Run Cadence,Max Run Cadence,Avg Pace,Best Pace,Total Ascent,Total Descent,Avg Stride Length,Avg Vertical Ratio,Avg Vertical Oscillation,Avg Ground Contact Time,Avg GAP,Normalized Power® (NP®),Training Stress Score®,Avg Power,Max Power,Steps,Body Battery Drain,Decompression,Best Lap Time,Number of Laps,Moving Time,Elapsed Time,Min Elevation,Max Elevation
Running,2025-10-07 11:32:59,FALSE,Anaheim Running,12.26,"1,443",1:33,155,188,4.3,167,179,7:34,4:57,315,308,1.27,7.5,9.4,251,7:33,424,0.0,409,628,"15,490",-20,No,00:00:01.8,17,01:32:29,01:39:09,139,257
Treadmill Running,2025-10-05 18:48:25,FALSE,Treadmill Running,8.50,943,1:31,136,150,2.6,159,235,10:38,7:25,--,--,1.02,8.9,9.1,288,--,309,0.0,306,428,"14,396",-12,No,00:00:46.5,10,01:29:31,01:34:39,--,--
Running,2025-10-04 06:56:25,FALSE,Fullerton Running,18.01,"2,095",2:24,135,162,4.1,165,196,7:59,5:58,210,233,1.21,7.9,9.6,264,8:01,398,0.0,389,543,"23,766",-25,No,00:00:02.0,19,02:23:44,02:32:50,202,253
Running,2025-10-02 11:45:56,FALSE,Fullerton Running,9.01,"1,126",1:08,167,187,4.6,168,177,7:30,6:19,92,75,1.27,7.6,9.6,253,7:31,418,0.0,411,517,"11,360",-15,No,00:00:02.9,10,01:07:22,01:12:59,180,237
Treadmill Running,2025-10-01 19:13:48,FALSE,Treadmill Running,6.00,744,1:01,140,160,2.7,159,218,10:04,12:11,--,--,0.78,10.1,7.9,299,--,239,0.0,236,265,"9,578",-9,No,00:07:55.7,5,00:59:12,01:04:06,--,--
Running,2025-09-30 20:07:27,FALSE,Fullerton Running,10.01,"1,243",1:17,165,190,4.5,165,246,7:40,5:36,62,72,1.25,7.8,9.5,257,7:42,423,0.0,401,565,"12,674",-16,No,00:00:01.7,18,01:16:23,01:18:38,213,255
Running,2025-09-28 23:07:55,FALSE,Fullerton Running,8.56,"1,035",1:15,141,150,3.1,160,176,8:40,5:45,26,46,1.16,8.4,9.7,279,8:42,358,0.0,358,577,"11,904",-16,No,00:04:45.9,9,01:14:10,01:16:04,207,249
Running,2025-09-27 10:21:20,FALSE,Fullerton Running,16.01,"1,944",2:11,153,177,4.1,164,215,8:09,6:36,230,203,1.20,8.1,9.6,267,8:11,385,0.0,382,494,"21,386",-30,No,00:00:03.1,17,02:10:19,02:13:38,209,287
Treadmill Running,2025-09-26 09:25:42,FALSE,Treadmill Running,5.00,539,0:53,129,140,2.0,159,165,10:28,9:02,--,--,0.95,9.3,8.8,295,--,286,0.0,285,347,"8,338",-9,No,00:08:58.6,5,00:52:04,00:54:37,--,--
Running,2025-09-25 11:48:47,FALSE,Fullerton Running,8.01,887,1:02,144,178,3.2,166,176,7:43,6:48,98,79,1.25,7.8,9.6,259,7:44,408,0.0,403,487,"10,314",-14,No,00:00:02.5,9,01:01:42,01:03:08,207,245
Treadmill Running,2025-09-24 12:54:49,FALSE,Treadmill Running,7.00,727,1:15,127,151,2.1,160,169,10:38,9:57,--,--,0.85,9.6,8.2,295,--,261,0.0,257,318,"11,922",-13,No,00:02:58.8,7,01:13:43,01:16:52,--,--
Running,2025-09-23 19:53:50,FALSE,Fullerton Running,8.56,"1,033",1:05,161,183,4.0,167,183,7:30,5:21,39,66,1.28,7.7,9.7,256,7:32,428,0.0,413,625,"10,686",-12,No,00:00:02.6,17,01:04:08,01:06:11,191,250
Running,2025-09-22 21:19:42,FALSE,Fullerton Running,7.02,862,0:58,150,165,3.2,164,179,8:14,5:47,92,105,1.19,8.1,9.6,269,8:15,378,0.0,377,557,"9,438",-10,No,00:00:04.4,8,00:57:40,00:57:48,210,260
Running,2025-09-20 19:18:33,FALSE,Fullerton Running,20.03,"2,482",2:56,152,174,4.3,162,177,8:46,6:28,266,285,1.14,8.4,9.5,277,8:47,361,0.0,359,526,"28,328",-22,No,00:00:09.9,21,02:55:15,02:57:27,209,255
Treadmill Running,2025-09-19 18:36:07,FALSE,Treadmill Running,4.00,430,0:50,120,129,1.3,154,161,12:29,9:59,--,--,0.97,9.3,8.9,299,--,286,0.0,280,311,"7,676",-14,No,00:06:10.7,5,00:49:02,00:51:45,--,--
Running,2025-09-18 21:36:23,FALSE,Fullerton Running,5.06,631,0:45,145,160,2.8,162,170,8:46,6:49,56,69,1.13,8.4,9.5,276,8:49,354,0.0,353,510,"7,172",-7,No,00:00:22.6,6,00:44:16,00:44:58,212,255
Running,2025-09-17 17:41:47,FALSE,Fullerton Running,6.10,735,0:51,147,191,3.4,144,218,8:19,5:31,92,115,1.32,7.4,9.5,246,8:19,438,0.0,366,602,"7,324",-10,No,00:00:01.7,15,00:43:36,00:52:19,182,228
Running,2025-09-16 17:39:32,FALSE,Fullerton Running,5.01,592,0:33,174,190,4.0,173,177,6:35,6:12,56,75,1.41,6.9,9.8,235,6:36,485,0.0,482,549,"5,690",-8,No,00:00:02.4,6,00:32:54,00:32:56,204,228
Treadmill Running,2025-09-15 16:32:41,FALSE,Treadmill Running,5.00,575,0:51,134,153,2.2,159,167,10:07,6:42,--,--,1.22,8.0,9.8,270,--,373,0.0,365,485,"8,046",-7,No,00:00:48.2,7,00:49:56,00:51:50,--,--
Running,2025-09-14 11:17:28,FALSE,Fullerton Running,13.15,"1,629",1:45,161,181,4.7,166,235,7:58,6:48,108,82,1.21,7.9,9.5,261,7:58,395,0.0,389,480,"17,412",-23,No,00:01:18.4,14,01:44:31,01:48:20,224,288
Running,2025-09-13 19:23:52,FALSE,Fullerton Running,7.01,840,0:52,161,186,3.9,167,179,7:20,5:48,75,102,1.31,7.5,9.8,253,7:22,429,0.0,421,573,"8,598",-8,No,00:00:03.6,8,00:51:17,00:52:05,196,255
Treadmill Running,2025-09-12 19:25:24,FALSE,Treadmill Running,10.00,978,1:27,142,175,3.2,155,174,8:37,6:02,--,--,1.18,8.1,9.4,272,--,356,0.0,336,525,"13,426",-9,No,00:05:08.4,10,01:22:50,01:36:51,--,--
Running,2025-09-10 20:17:49,FALSE,Fullerton Running,10.00,"1,270",1:33,147,162,3.3,160,167,9:17,7:51,43,56,1.08,8.7,9.4,284,9:19,332,0.0,332,406,"14,882",-15,No,00:00:02.9,11,01:32:44,01:34:10,220,259
Running,2025-09-09 20:26:04,FALSE,Fullerton Running,10.01,"1,233",1:14,167,179,4.4,168,215,7:20,5:05,125,121,1.31,7.5,9.8,252,7:21,428,0.0,426,677,"12,302",-13,No,00:00:04.9,11,01:13:19,01:14:43,227,270
Running,2025-09-07 20:14:34,FALSE,Fullerton Running,17.18,"2,076",2:27,150,175,3.9,162,175,8:32,6:57,217,220,1.17,8.3,9.6,275,8:33,366,0.0,363,449,"23,660",-16,No,00:01:27.5,18,02:26:22,02:29:22,218,257
Treadmill Running,2025-09-06 21:47:21,FALSE,Treadmill Running,4.00,435,0:37,139,178,2.3,134,225,9:08,6:49,--,--,1.18,7.6,8.4,251,--,354,0.0,275,452,"4,898",-11,No,00:04:15.6,4,00:29:08,00:38:23,--,--
Running,2025-09-05 20:20:53,FALSE,Fullerton Running,8.08,"1,019",1:09,153,173,3.3,161,167,8:31,7:02,105,112,1.17,8.3,9.6,274,8:32,365,0.0,364,480,"11,094",-6,No,00:00:42.7,9,01:08:42,01:09:27,218,252
Running,2025-09-04 06:20:30,FALSE,Fullerton - Base,7.01,839,0:58,146,155,3.1,162,170,8:14,7:16,89,92,1.20,8.1,9.7,270,8:15,378,0.0,377,463,"9,396",-12,No,00:03:33.8,8,00:57:41,00:58:19,226,260
Running,2025-09-03 06:18:52,FALSE,Fullerton - Threshold,7.76,940,0:58,162,189,4.1,167,188,7:26,5:27,85,92,1.28,7.6,9.6,253,7:27,431,0.0,414,560,"9,658",-15,No,00:00:38.1,12,00:57:23,00:58:28,226,260
Treadmill Running,2025-09-02 19:21:18,FALSE,Treadmill Running,6.00,800,1:00,145,176,3.4,159,172,9:52,7:51,--,--,0.99,8.9,8.8,286,--,304,0.0,294,405,"9,402",-9,No,00:06:28.0,6,00:57:59,01:02:05,--,--
Running,2025-09-02 06:37:56,FALSE,Fullerton Running,5.01,623,0:44,146,164,3.0,162,174,8:37,7:17,52,66,1.14,8.3,9.5,273,8:41,359,0.0,357,455,"7,010",-11,No,00:00:04.7,6,00:42:59,00:44:49,169,236
Running,2025-08-30 08:29:35,FALSE,Fullerton Running,3.07,386,0:28,143,152,2.3,162,170,9:02,8:06,39,46,1.09,8.5,9.3,277,9:03,345,0.0,343,402,"4,502",-6,No,00:00:39.5,4,00:27:40,00:27:49,228,272
Treadmill Running,2025-08-29 19:43:29,FALSE,Treadmill Running,1.10,147,0:12,132,144,1.5,156,167,10:45,11:22,--,--,0.80,9.9,7.7,295,--,243,0.0,229,274,"1,858",-2,No,00:11:49,1,00:11:36,00:11:49,--,--
Treadmill Running,2025-08-29 18:43:41,FALSE,Treadmill Running,1.00,131,0:11,129,141,1.1,158,165,10:59,9:29,--,--,0.99,9.0,8.7,286,--,297,0.0,288,324,"1,734",-2,No,00:00:33.4,2,00:10:57,00:10:59,--,--
Running,2025-08-29 08:32:31,FALSE,Fullerton Running,5.01,582,0:34,169,183,3.8,172,215,6:36,5:34,56,56,1.40,6.9,9.7,235,6:39,464,0.0,463,590,"5,688",-8,No,00:00:02.8,6,00:32:57,00:35:47,173,240
Running,2025-08-28 19:56:26,FALSE,Fullerton - Base,7.45,955,1:05,153,166,3.3,161,169,8:36,7:35,121,128,1.16,8.3,9.7,277,8:38,361,0.0,360,472,"10,284",-9,No,00:00:02.0,9,01:03:52,01:04:59,211,285
Running,2025-08-27 10:51:05,FALSE,Fullerton - Anaerobic,6.40,830,0:54,159,184,3.5,164,215,8:22,4:49,72,59,1.16,8.2,9.4,270,8:25,382,0.0,368,647,"8,684",-15,No,00:00:40,20,00:53:20,01:00:21,185,243
Running,2025-08-26 06:20:18,FALSE,Fullerton Running,4.00,495,0:39,130,143,2.2,161,171,9:41,8:52,135,141,1.03,8.8,9.1,285,9:37,328,0.0,325,468,"6,226",-8,No,00:00:02.1,5,00:38:43,00:38:45,198,264
Running,2025-08-25 06:26:42,FALSE,Fullerton Running,5.01,615,0:46,140,150,2.5,162,169,9:09,6:56,62,66,1.08,8.6,9.2,278,9:10,338,0.0,337,483,"7,416",-11,No,00:00:03.2,6,00:45:41,00:46:35,224,262
Running,2025-08-24 06:40:19,FALSE,Orange County Running,14.09,"1,730",1:58,151,186,4.1,164,231,8:21,5:49,525,518,1.17,8.1,9.5,269,8:19,390,0.0,376,581,"19,208",-23,No,00:00:44.6,15,01:57:18,02:03:35,41,253
Treadmill Running,2025-08-23 20:22:45,FALSE,Treadmill Running,2.00,280,0:21,142,163,2.4,159,173,10:01,9:31,--,--,0.93,9.1,8.3,286,--,282,0.0,269,326,"3,170",-3,No,00:08:02.4,2,00:19:33,00:21:15,--,--
Running,2025-08-23 09:13:43,FALSE,Fullerton Running,5.01,614,0:38,158,182,3.5,167,186,7:31,5:25,52,66,1.28,7.6,9.7,255,7:31,419,0.0,411,605,"6,302",-8,No,00:00:04.2,6,00:37:37,00:37:58,220,263
Running,2025-08-22 19:27:30,FALSE,Fullerton Running,6.52,846,0:58,154,167,3.1,161,171,8:49,6:28,85,89,1.14,8.4,9.6,279,8:49,355,0.0,354,488,"9,222",-8,No,00:04:19.2,7,00:57:20,00:58:06,224,257
Running,2025-08-21 09:21:24,FALSE,Fullerton - Threshold,8.36,"1,057",1:04,167,191,4.4,168,181,7:32,6:06,121,115,1.27,7.6,9.6,255,7:32,421,0.0,412,504,"10,554",-14,No,00:00:03.8,12,01:02:59,01:05:16,228,284
Treadmill Running,2025-08-19 20:22:33,FALSE,Treadmill Running,1.03,184,0:15,134,144,1.6,138,163,13:54,10:48,--,--,0.90,9.6,8.3,299,--,256,0.0,219,300,"1,984",-1,No,00:01:40.2,2,00:12:16,00:14:21,--,--
Treadmill Running,2025-08-19 19:40:40,FALSE,Treadmill Running,1.00,144,0:12,131,143,1.3,155,165,11:41,7:03,--,--,1.33,7.7,10.2,267,--,408,0.0,389,433,"1,802",-2,No,00:03:42.4,2,00:11:40,00:11:41,--,--
Treadmill Running,2025-08-19 08:44:50,FALSE,Treadmill Running,4.00,361,0:34,127,157,2.1,147,171,8:27,10:18,--,--,0.88,9.5,7.9,293,--,256,0.0,227,306,"4,938",-8,No,00:06:52.1,3,00:31:34,00:47:25,--,--
Running,2025-08-18 18:46:25,FALSE,Fullerton Running,6.00,772,0:52,151,170,3.1,161,179,8:33,6:12,69,85,1.16,8.3,9.6,274,8:36,367,0.0,366,548,"8,284",-8,No,00:00:03.9,7,00:51:11,00:53:24,157,237
Running,2025-08-17 13:13:32,FALSE,Huntington Beach Running,15.01,"1,858",2:21,140,186,3.5,159,181,9:23,5:51,148,138,1.08,8.7,9.4,287,9:24,336,0.0,331,561,"22,388",-24,No,00:00:02.8,16,02:20:48,02:25:27,1,62
Running,2025-08-16 08:40:28,FALSE,Fullerton Running,6.03,695,0:50,138,159,2.7,163,170,8:15,6:48,89,89,1.19,8.1,9.6,269,8:16,379,0.0,377,481,"8,108",-13,No,00:00:11.8,7,00:49:37,00:49:56,236,283
Running,2025-08-14 09:49:30,FALSE,Walnut Creek - Anaerobic,10.01,"1,230",1:23,151,180,3.5,165,194,8:13,4:36,171,171,1.18,8.1,9.4,268,8:14,396,0.0,377,742,"13,420",-22,No,00:00:40,34,01:22:10,01:23:10,97,196
Treadmill Running,2025-08-13 20:36:06,FALSE,Treadmill Running,3.00,359,0:38,121,132,1.3,152,161,12:32,11:09,--,--,0.88,9.7,8.4,305,--,257,0.0,246,283,"5,686",-3,No,00:00:16.0,4,00:36:49,00:37:35,--,--
Treadmill Running,2025-08-13 09:56:31,FALSE,Treadmill Running,3.00,336,0:36,120,131,1.2,156,167,11:55,7:20,--,--,1.24,8.1,10.0,278,--,370,0.0,363,443,"5,558",-5,No,00:02:05.5,5,00:35:33,00:39:30,--,--
Running,2025-08-12 09:49:40,FALSE,Walnut Creek - Tempo,10.05,"1,254",1:11,173,188,5.0,170,181,6:58,5:57,154,157,1.35,7.2,9.7,244,6:59,449,0.0,445,595,"11,944",-21,No,00:00:02.0,13,01:09:56,01:12:16,102,203
Running,2025-08-11 10:22:41,FALSE,Walnut Creek - Base,6.01,760,0:51,152,165,3.1,164,174,8:22,5:44,121,115,1.17,8.1,9.5,269,8:22,374,0.0,373,554,"8,216",-13,No,00:01:11.5,7,00:50:08,00:52:00,100,201
Running,2025-08-10 19:25:34,FALSE,Walnut Creek - Base,11.01,"1,383",1:34,152,165,3.6,163,174,8:30,6:47,203,203,1.16,8.2,9.5,272,8:30,374,0.0,370,506,"15,212",-23,No,00:00:45.9,12,01:33:26,01:34:09,102,219
Running,2025-08-09 10:03:13,FALSE,Walnut Creek - Recovery,3.64,473,0:36,140,151,2.3,161,170,9:38,8:36,79,69,1.04,8.8,9.2,286,9:39,328,0.0,326,375,"5,612",-6,No,00:00:03.7,5,00:35:02,00:35:07,120,188
Running,2025-08-08 10:08:01,FALSE,Walnut Creek Running,10.01,"1,251",1:37,142,162,3.0,159,176,9:36,6:31,203,190,1.05,8.8,9.3,289,9:34,329,0.0,327,506,"15,272",-19,No,00:00:05.5,11,01:35:57,01:36:37,100,219
Running,2025-08-07 09:13:36,FALSE,Walnut Creek Running,5.02,645,0:47,142,159,2.6,161,174,9:17,6:24,112,102,1.07,8.7,9.3,282,9:18,339,0.0,336,484,"7,496",-12,No,00:00:12.8,6,00:46:34,00:46:53,108,207
Running,2025-08-06 10:48:22,FALSE,Walnut Creek Running,7.00,895,1:13,134,152,2.5,159,231,10:25,8:23,121,115,0.97,9.2,8.9,293,10:24,301,0.0,300,403,"11,588",-13,No,00:00:03.3,8,01:12:44,01:14:36,104,203
Running,2025-08-05 09:51:46,FALSE,Walnut Creek Running,5.10,643,0:50,130,150,2.4,160,170,9:46,7:46,108,105,1.03,8.9,9.2,288,9:45,323,0.0,320,460,"7,962",-11,No,00:01:00.5,6,00:49:43,00:51:23,103,205
Track Running,2025-08-04 20:38:23,FALSE,Walnut Creek Track Running,"1,610",133,0:11,134,155,1.1,157,163,10:29,9:24,--,--,1.02,9.0,9.2,293,--,310,0.0,306,339,"1,646",-2,No,00:00:02.9,2,00:10:26,00:10:30,204,206
Track Running,2025-08-04 20:04:35,FALSE,Walnut Creek Track Running,"6,270",488,0:32,150,174,3.0,133,203,8:01,4:28,--,--,1.50,6.3,9.4,214,--,469,0.0,374,630,"4,198",-4,No,00:01:07.8,10,00:24:05,00:31:13,201,206
Running,2025-08-04 19:51:51,FALSE,Walnut Creek Running,1.01,125,0:10,133,147,1.1,158,170,9:40,7:34,--,7,1.04,8.9,9.2,291,9:48,318,0.0,314,416,"1,542",-2,No,00:00:02.2,2,00:09:42.6,00:09:43.8,205,215
Running,2025-08-04 09:06:28,FALSE,Walnut Creek Running,5.01,517,0:34,144,182,3.1,172,196,6:44,5:13,108,98,1.37,7.0,9.7,238,6:45,463,0.0,459,624,"5,796",-8,No,00:00:02.2,6,00:33:38,00:34:14,101,204
Running,2025-08-02 07:15:36,FALSE,Walnut Creek Running,15.01,"1,781",1:59,152,177,4.2,166,192,7:54,5:09,240,249,1.22,7.9,9.6,262,7:54,401,0.0,393,590,"19,604",-27,No,00:00:03.0,16,01:58:18,02:06:54,96,205
Running,2025-08-01 09:31:18,FALSE,Walnut Creek - Sprint,7.01,839,0:57,150,177,3.2,165,222,8:01,3:38,135,131,1.20,8.0,9.5,267,8:04,392,0.0,383,830,"9,204",-16,No,00:00:15,22,00:56:12,00:58:02,81,179
Running,2025-07-31 09:46:08,FALSE,Walnut Creek Running,7.01,862,1:12,132,147,2.6,159,169,10:09,7:56,125,128,0.99,9.1,9.0,292,10:11,309,0.0,307,498,"11,310",-13,No,00:00:02.4,8,01:11:00,01:12:19,102,205
Running,2025-07-30 16:48:36,FALSE,Walnut Creek - Base,6.01,757,0:49,155,176,3.3,164,188,8:01,5:31,125,135,1.22,8.0,9.7,266,8:02,391,0.0,388,615,"7,900",-10,No,00:03:11.5,7,00:48:09,00:48:29,88,198
Running,2025-07-29 09:57:23,FALSE,Walnut Creek Running,2.24,279,0:22,133,145,2.0,161,167,9:28,8:30,52,43,1.05,8.7,9.2,283,9:27,332,0.0,329,380,"3,414",-5,No,00:02:14.1,3,00:21:13,00:21:14,131,180
Track Running,2025-07-28 20:38:43,FALSE,Walnut Creek Track Running,"1,610",132,0:11,140,149,1.2,156,161,10:04,9:22,--,3,1.03,9.0,9.2,294,--,316,0.0,312,350,"1,576",-2,No,00:00:02.6,2,00:10:02,00:10:04,201,206
Track Running,2025-07-28 20:11:07,FALSE,Walnut Creek Track Running,"5,050",368,0:26,145,181,2.6,130,209,8:00,4:12,--,--,1.56,6.2,9.5,212,--,478,0.0,375,753,"3,264",-4,No,00:00:09.1,12,00:19:08,00:25:06,194,206
Track Running,2025-07-28 19:57:09,FALSE,Walnut Creek Track Running,"1,610",123,0:11,128,141,1.0,156,165,10:01,8:21,--,--,1.02,9.1,9.2,295,--,311,0.0,307,374,"1,564",-2,No,00:00:02.0,2,00:09:59,00:10:02,202,206
Running,2025-07-28 10:28:57,FALSE,Walnut Creek Running,5.01,592,0:34,167,186,3.7,171,188,6:41,5:12,108,95,1.39,7.0,9.8,238,6:41,465,0.0,462,654,"5,744",-8,No,00:00:03.0,6,00:33:27,00:35:26,112,213
Running,2025-07-26 07:40:06,FALSE,Walnut Creek Running,13.15,"1,628",1:41,160,183,4.7,166,179,7:38,6:22,223,230,1.26,7.7,9.7,258,7:38,414,0.0,409,547,"16,706",-21,No,00:01:04.4,14,01:40:13,01:42:23,104,211
Running,2025-07-25 09:22:32,FALSE,Walnut Creek Running,5.11,608,0:43,138,148,2.7,164,172,8:16,5:51,118,108,1.19,8.1,9.6,268,8:14,380,0.0,377,524,"6,928",-13,No,00:00:51.8,6,00:42:10,00:43:13,104,206
Running,2025-07-24 20:02:47,FALSE,Walnut Creek Running,2.01,223,0:13,166,189,2.8,173,184,6:19,5:54,36,46,1.47,6.7,9.9,229,6:21,493,0.0,489,603,"2,190",-5,No,00:00:02.2,3,00:12:39,00:12:40,111,158
Running,2025-07-24 08:17:52,FALSE,Walnut Creek - Sprint,6.90,790,0:56,135,162,3.1,163,231,8:01,3:27,131,131,1.21,8.1,9.6,270,8:04,396,0.0,383,873,"8,932",-15,No,00:00:04.5,22,00:55:15,00:57:27,89,196
Running,2025-07-23 09:03:51,FALSE,Walnut Creek Running,5.01,617,0:47,137,151,2.5,158,167,9:21,7:28,98,92,1.09,8.7,9.5,287,9:20,337,0.0,335,441,"7,398",-12,No,00:00:03.2,6,00:46:43,00:47:58,101,205
Running,2025-07-22 09:57:29,FALSE,Walnut Creek Running,6.01,782,1:03,134,167,2.7,156,226,10:27,7:37,486,492,0.98,9.2,8.9,299,9:43,333,0.0,312,602,"9,838",-14,No,00:00:03.1,7,01:02:39,01:06:56,96,548
Running,2025-07-21 13:42:06,FALSE,Walnut Creek Running,10.01,"1,292",1:17,171,185,4.5,166,177,7:37,5:56,217,200,1.27,7.7,9.8,260,7:37,423,0.0,419,562,"12,610",-17,No,00:00:03.9,11,01:16:11,01:17:35,100,206
Treadmill Running,2025-07-20 10:59:15,FALSE,Treadmill Running,1.08,124,0:31,86,96,0.1,99,165,27:53,12:50,--,--,0.79,7.6,5.8,412,--,102,0.0,86,235,"3,070",-3,No,00:01:26.3,2,00:23:32,00:30:03,--,--
Running,2025-07-18 09:39:21,FALSE,Walnut Creek Running,3.00,365,0:29,131,141,2.1,160,187,9:23,5:07,59,59,1.07,8.7,9.4,286,9:23,337,0.0,334,631,"4,508",-7,No,00:00:02.2,4,00:28:10,00:28:13,120,182
Running,2025-07-17 20:00:38,FALSE,Walnut Creek Running,4.01,510,0:40,139,147,2.3,157,167,9:50,8:27,69,79,1.05,8.9,9.4,294,9:50,325,0.0,323,395,"6,152",-6,No,00:00:03.6,5,00:39:22,00:39:23,133,203
Running,2025-07-17 09:23:49,FALSE,Walnut Creek Running,5.01,600,0:33,173,192,3.9,171,186,6:35,5:12,108,102,1.42,7.0,9.9,237,6:36,474,0.0,470,636,"5,640",-11,No,00:00:02.4,6,00:32:56,00:34:45,104,205
Running,2025-07-16 09:20:19,FALSE,Walnut Creek Running,5.01,630,0:49,133,150,2.5,159,167,9:36,7:54,121,112,1.06,8.8,9.3,289,9:35,329,0.0,327,461,"7,630",-10,No,00:00:03.5,6,00:47:57,00:50:03,101,201
Running,2025-07-15 09:32:51,FALSE,Walnut Creek Running,1.01,133,0:09,151,157,1.8,158,165,8:52,8:02,13,13,1.14,8.5,9.7,282,8:54,358,0.0,352,409,"1,414",-3,No,00:00:02.2,2,00:08:54,00:08:55.0,156,177
Running,2025-07-15 08:59:53,FALSE,Walnut Creek Running,4.17,479,0:31,154,184,3.1,149,187,7:17,5:23,66,72,1.49,6.6,9.5,221,7:15,484,0.0,419,583,"4,534",-8,No,00:00:01.5,12,00:27:00,00:30:22,156,183
Running,2025-07-15 08:49:02,FALSE,Walnut Creek Running,1.01,123,0:09,142,163,1.9,163,186,8:11,4:51,13,20,1.21,8.0,9.6,268,8:11,397,0.0,382,637,"1,336",-3,No,00:00:03.7,2,00:08:12.7,00:08:14.4,156,181
Running,2025-07-14 19:19:25,FALSE,Walnut Creek Running,5.01,636,0:41,157,188,3.4,163,190,8:00,4:58,105,105,1.23,8.0,9.8,269,7:59,407,0.0,393,634,"6,504",-7,No,00:00:02.0,6,00:40:00,00:40:05,97,205
Running,2025-07-14 08:50:23,FALSE,Walnut Creek Running,3.11,368,0:21,170,185,3.2,173,178,6:41,5:52,52,59,1.39,7.0,9.7,237,6:42,465,0.0,463,548,"3,586",-6,No,00:00:40.8,4,00:20:44,00:20:45,125,184
Running,2025-07-12 06:22:26,FALSE,Walnut Creek Running,20.01,"2,479",2:50,155,185,4.8,162,220,8:27,5:41,472,476,1.17,8.3,9.5,273,8:27,382,0.0,370,588,"27,486",-33,No,00:00:04.3,21,02:48:48,02:53:44,84,221
Running,2025-07-11 08:35:28,FALSE,Walnut Creek Running,5.01,639,0:41,157,173,3.2,165,177,8:04,5:32,112,105,1.20,8.0,9.6,265,8:04,387,0.0,384,569,"6,668",-11,No,00:00:05.1,6,00:40:24,00:42:38,104,207
Running,2025-07-10 08:42:21,FALSE,Walnut Creek Running,5.01,634,0:41,155,177,3.3,165,174,8:01,6:22,115,98,1.21,8.0,9.7,266,8:01,395,0.0,388,516,"6,608",-10,No,00:00:04.8,6,00:40:10,00:40:12,113,212
Running,2025-07-09 15:42:17,FALSE,Walnut Creek Running,5.01,662,0:51,145,163,2.4,157,165,10:08,7:34,115,98,1.01,9.1,9.1,295,10:07,314,0.0,311,461,"7,986",-11,No,00:00:03.7,6,00:50:40,00:51:18,110,207
Running,2025-07-08 09:27:49,FALSE,Walnut Creek Running,5.02,638,0:46,140,152,2.7,162,171,9:04,6:37,118,108,1.09,8.5,9.3,278,9:03,347,0.0,344,514,"7,362",-10,No,00:00:08.0,6,00:45:27,00:46:34,102,204
Track Running,2025-07-07 20:22:36,FALSE,Walnut Creek Track Running,"1,510",130,0:11,143,152,1.1,156,163,10:51,9:57,--,3,0.96,9.3,8.9,297,--,367,0.0,319,979,"1,592",-2,No,00:10:11,1,00:10:04,00:10:54,206,210
Track Running,2025-07-07 19:56:41,FALSE,Walnut Creek Track Running,"4,350",395,0:24,161,190,3.1,113,207,8:42,4:15,--,--,1.57,6.0,9.1,206,--,456,0.0,323,702,"2,810",-3,No,00:00:00.8,21,00:16:27,00:23:32,205,206
Track Running,2025-07-07 19:42:17,FALSE,Walnut Creek Track Running,"1,610",127,0:11,136,158,1.3,158,171,10:05,7:18,--,--,1.01,9.0,9.0,292,--,314,0.0,307,434,"1,592",-1,No,00:00:01.6,2,00:10:05,00:10:05,203,206
Running,2025-07-07 12:37:04,FALSE,Walnut Creek Running,5.60,924,1:04,156,179,3.4,155,247,11:25,7:45,"1,007","1,004",0.96,9.3,8.4,310,10:20,324,0.0,309,487,"9,848",-12,No,00:05:14.8,6,01:03:50,01:04:39,159,788
Treadmill Running,2025-07-06 10:25:41,FALSE,Treadmill Running,4.08,509,0:31,164,191,3.7,164,176,7:22,6:13,--,--,1.32,7.3,9.7,249,--,421,0.0,404,485,"4,906",-8,No,00:00:28.5,5,00:29:52,00:30:01,--,--
Treadmill Running,2025-07-04 11:50:11,FALSE,Treadmill Running,2.25,292,0:21,145,167,2.6,157,176,8:53,9:39,--,--,0.91,9.1,8.0,282,--,275,0.0,256,326,"3,154",-4,No,00:07:32.3,2,00:19:35,00:20:00,--,--
Running,2025-07-03 08:35:37,FALSE,Walnut Creek Running,5.01,623,0:42,142,159,3.0,163,175,8:12,6:30,115,108,1.20,8.1,9.7,269,8:10,384,0.0,380,510,"6,700",-9,No,00:00:03.1,6,00:41:04,00:42:19,108,213
Running,2025-07-02 10:15:43,FALSE,Walnut Creek - Threshold,6.96,890,0:51,173,189,4.3,169,182,7:12,5:51,138,128,1.32,7.4,9.7,249,7:12,443,0.0,433,546,"8,440",-12,No,00:00:04.0,10,00:50:02,00:50:11,132,194
Running,2025-07-01 21:10:04,FALSE,Walnut Creek Running,7.01,881,1:07,143,154,2.7,158,167,9:30,7:44,115,115,1.07,8.8,9.4,290,9:32,327,0.0,326,446,"10,492",-9,No,00:00:04.6,8,01:06:30,01:07:34,79,171
Running,2025-06-30 09:56:38,FALSE,Walnut Creek Running,5.01,641,0:49,140,155,2.4,160,173,9:39,6:45,105,85,1.04,8.9,9.2,288,9:39,326,0.0,324,450,"7,692",-11,No,00:00:02.7,6,00:48:14,00:50:30,104,205
Treadmill Running,2025-06-29 22:26:12,FALSE,Treadmill Running,3.00,486,0:31,157,191,3.2,120,231,10:21,5:34,--,--,1.41,6.5,9.0,223,--,409,0.0,286,531,"3,534",-1,No,00:00:10.3,16,00:19:17,00:31:00,--,--
Treadmill Running,2025-06-29 22:16:15,FALSE,Treadmill Running,0.52,70,0:07,121,161,0.8,140,225,12:29,5:57,--,--,0.98,9.1,8.0,302,--,294,0.0,237,526,908,-1,No,00:06:27.1,1,00:06:19,00:06:27.1,--,--
Running,2025-06-28 09:11:57,FALSE,Walnut Creek Running,3.01,383,0:29,136,148,2.2,160,165,9:34,9:01,56,52,1.06,8.8,9.3,288,9:33,329,0.0,327,366,"4,580",-7,No,00:00:03.3,4,00:28:43,00:28:44,128,183
Running,2025-06-27 07:08:51,FALSE,Walnut Creek Running,17.01,"1,969",2:23,130,163,3.7,162,179,8:22,5:21,361,354,1.18,8.2,9.7,273,8:22,380,0.0,373,600,"23,066",-35,No,00:00:02.6,18,02:22:04,02:28:44,87,220
Running,2025-06-26 08:23:46,FALSE,Walnut Creek Running,7.01,885,1:02,145,159,3.0,162,169,8:45,6:51,125,112,1.13,8.4,9.5,276,8:44,358,0.0,356,486,"9,906",-16,No,00:00:03.0,8,01:01:09,01:03:09,101,202
Running,2025-06-25 10:05:31,FALSE,Walnut Creek Running,7.01,879,0:59,150,163,3.2,162,171,8:18,6:28,125,118,1.19,8.2,9.7,272,8:20,376,0.0,375,525,"9,420",-14,No,00:00:03.3,8,00:58:09,01:00:30,109,213
Running,2025-06-24 19:53:51,FALSE,Walnut Creek Running,5.01,624,0:51,128,147,2.3,157,165,10:06,7:58,102,82,1.01,9.1,9.2,295,10:05,313,0.0,311,406,"7,946",-6,No,00:00:07.2,6,00:50:37,00:53:16,94,198
Running,2025-06-24 09:19:47,FALSE,Walnut Creek Running,3.01,320,0:19,160,182,3.1,174,181,6:06,5:24,59,59,1.50,6.6,9.9,223,6:07,508,0.0,503,587,"3,192",-4,No,00:00:02.3,4,00:18:20,00:18:22,128,188
Treadmill Running,2025-06-23 08:47:53,FALSE,Treadmill Running,0.99,201,0:32,102,116,0.4,96,150,32:10,18:25,--,--,0.67,8.6,5.5,432,--,85,0.0,78,175,"3,156",-1,No,00:31:47,1,00:26:15,00:31:47,--,--
Running,2025-06-22 08:29:22,FALSE,Walnut Creek - Base,10.01,"1,236",1:23,151,169,3.5,163,170,8:15,5:38,167,157,1.19,8.1,9.6,269,8:16,377,0.0,376,563,"13,462",-19,No,00:00:32.5,11,01:22:19,01:25:20,96,205
Running,2025-06-21 08:03:05,FALSE,Walnut Creek - Sprint,7.01,852,1:00,144,158,3.1,161,212,8:26,3:49,128,135,1.17,8.3,9.6,277,8:29,372,0.0,366,794,"9,440",-15,No,00:00:10,24,00:59:05,00:59:19,125,186
Running,2025-06-20 07:18:24,FALSE,Walnut Creek Running,7.00,857,1:05,130,145,2.7,158,221,9:12,7:16,128,128,1.10,8.7,9.6,288,9:16,341,0.0,339,455,"10,196",-17,No,00:00:01.9,8,01:04:24,01:06:42,99,211
Running,2025-06-16 08:39:23,FALSE,Walnut Creek Running,5.01,590,0:37,150,166,3.3,165,183,7:23,6:07,69,72,1.31,7.7,9.9,259,7:27,432,0.0,420,569,"6,088",-9,No,00:00:01.7,6,00:36:55,00:36:58,156,178
Running,2025-06-14 07:02:53,FALSE,Walnut Creek Running,15.01,"1,838",1:58,155,177,4.3,164,176,7:51,6:21,197,203,1.25,7.9,9.8,264,7:52,401,0.0,396,570,"19,320",-28,No,00:00:02.4,16,01:57:47,02:00:00,99,206
Running,2025-06-13 09:17:40,FALSE,Walnut Creek Running,5.00,644,0:45,146,168,2.8,160,169,8:53,5:47,128,128,1.13,8.5,9.6,281,8:53,352,0.0,350,540,"7,108",-11,No,00:00:02.1,6,00:44:24,00:45:28,81,188
Running,2025-06-12 08:01:50,FALSE,Walnut Creek Running,5.01,652,0:42,154,171,3.2,162,176,8:19,4:53,102,95,1.19,8.1,9.7,271,8:18,379,0.0,375,672,"6,744",-10,No,00:00:02.1,6,00:41:36,00:42:15,103,206
Running,2025-06-11 07:41:08,FALSE,Walnut Creek Running,1.00,122,0:10,131,141,1.1,159,167,9:09,8:16,20,20,1.10,8.6,9.5,283,9:09,346,0.0,341,382,"1,460",-2,No,00:00:02.7,2,00:09:09.7,00:09:11.4,161,182
Running,2025-06-11 07:07:49,FALSE,Walnut Creek Running,4.14,475,0:31,152,184,3.1,148,188,7:26,5:34,59,62,1.46,6.7,9.6,224,7:26,476,0.0,412,620,"4,582",-9,No,00:00:01.8,11,00:27:02,00:30:48,159,182
Running,2025-06-11 06:56:56,FALSE,Walnut Creek Running,1.00,120,0:09,141,159,1.7,162,170,8:10,7:03,10,16,1.21,8.0,9.6,267,8:10,386,0.0,377,430,"1,342",-3,No,00:00:02.2,2,00:08:10,00:08:12.1,167,190
Running,2025-06-10 07:19:34,FALSE,Walnut Creek Running,5.01,628,0:49,135,149,2.4,158,170,9:45,8:06,115,108,1.04,8.9,9.3,291,9:44,324,0.0,321,484,"7,712",-14,No,00:00:03.2,6,00:48:48,00:49:48,103,211
Running,2025-06-09 13:28:34,FALSE,Walnut Creek - Anaerobic,9.71,"1,252",1:22,160,183,3.8,163,191,8:21,4:30,203,197,1.17,8.3,9.5,274,8:23,397,0.0,374,689,"13,046",-21,No,00:00:02.3,34,01:20:59,01:21:02,110,179
Running,2025-06-08 07:38:33,FALSE,Walnut Creek - Recovery,3.08,385,0:33,130,139,2.0,156,161,10:24,9:39,62,69,0.99,9.2,9.1,298,10:24,303,0.0,301,363,"4,978",-7,No,00:00:02.4,5,00:32:01,00:32:02,129,189
Running,2025-06-07 06:29:31,FALSE,Walnut Creek Running,16.01,"1,953",2:10,152,176,4.2,164,215,8:05,6:19,246,253,1.21,8.0,9.7,267,8:05,393,0.0,385,564,"21,170",-23,No,00:00:01.6,17,02:09:16,02:11:22,97,209
Running,2025-06-06 07:10:31,FALSE,Walnut Creek Running,5.01,619,0:38,159,184,3.5,166,183,7:27,5:28,98,98,1.30,7.6,9.9,257,7:26,426,0.0,417,590,"6,178",-8,No,00:00:02.5,6,00:37:14,00:38:33,106,210
Running,2025-06-05 07:07:29,FALSE,Walnut Creek Running,1.01,95,0:06,158,171,2.0,178,187,5:34,5:15,10,20,1.59,6.1,9.6,205,5:39,533,0.0,523,648,"1,012",-2,No,00:00:01.7,2,00:05:36.4,00:05:37.1,154,177
Treadmill Running,2025-06-05 06:57:44,FALSE,Treadmill Running,0.54,65,0:07,118,134,0.4,154,161,11:39,11:01,--,--,0.91,9.6,8.7,303,--,269,0.0,263,281,970,-1,No,00:06:19.8,1,00:06:13,00:06:19.8,--,--
Track Running,2025-06-04 20:08:37,FALSE,Walnut Creek Track Running,"1,610",149,0:12,150,160,1.5,156,163,11:02,9:47,--,3,0.96,9.3,8.9,300,--,289,0.0,287,332,"1,720",-1,No,00:00:02.1,2,00:11:01,00:11:03,201,206
Track Running,2025-06-04 19:34:36,FALSE,Walnut Creek Track Running,"7,210",550,0:31,176,184,3.8,170,184,6:44,5:10,--,--,1.42,7.0,10.0,238,--,466,0.0,465,600,"5,138",-5,No,00:03:09.9,5,00:30:09,00:30:10,200,206
Track Running,2025-06-04 19:09:35,FALSE,Walnut Creek Track Running,"3,200",257,0:22,134,146,1.6,154,160,10:44,9:53,--,3,0.97,9.3,9.0,302,--,292,0.0,289,325,"3,284",-6,No,00:00:02.1,3,00:21:17,00:21:20,199,206
Running,2025-06-03 06:50:39,FALSE,Walnut Creek Running,5.01,614,0:46,138,151,2.5,158,169,9:08,7:20,105,112,1.11,8.6,9.6,286,9:09,341,0.0,340,492,"7,262",-12,No,00:00:02.9,6,00:45:40,00:47:51,93,201
Treadmill Running,2025-06-02 10:16:43,FALSE,Treadmill Running,1.00,88,0:06,155,170,1.8,184,189,5:28,5:06,--,--,1.29,6.8,8.6,225,--,438,0.0,424,559,994,-1,No,00:05:27.7,1,00:05:26,00:05:27.7,--,--
Running,2025-06-02 09:18:59,FALSE,Walnut Creek Running,5.01,652,0:48,146,160,2.7,158,170,9:31,6:55,108,108,1.07,8.8,9.4,290,9:31,331,0.0,328,515,"7,516",-13,No,00:00:03.4,6,00:47:35,00:49:10,86,192
Running,2025-06-01 07:12:57,FALSE,Walnut Creek Running,4.00,493,0:42,129,140,2.1,157,163,10:27,9:20,69,82,0.98,9.2,9.0,298,10:28,301,0.0,300,367,"6,544",-9,No,00:00:03.0,5,00:41:48,00:42:27,116,172
Running,2025-05-31 06:50:08,FALSE,Walnut Creek Running,13.20,"1,689",1:49,159,177,4.1,162,177,8:13,6:19,187,180,1.20,8.1,9.7,271,8:12,382,0.0,379,559,"17,600",-24,No,00:01:28.9,14,01:48:26,01:49:52,87,211
Track Running,2025-05-30 06:40:02,FALSE,Walnut Creek Track Running,"4,430",357,0:25,145,173,2.5,118,196,8:47,4:41,--,--,1.55,6.2,9.1,210,--,445,0.0,324,642,"2,964",-6,No,00:01:00.1,20,00:18:30,00:24:12,202,206
Track Running,2025-05-30 06:33:05,FALSE,Walnut Creek Track Running,810,60,0:06,125,142,0.4,147,172,11:05,5:09,--,--,0.91,9.5,8.6,303,--,269,0.0,258,496,860,-1,No,00:05:34.7,1,00:05:33,00:05:34.7,206,206
Running,2025-05-29 18:49:45,FALSE,Walnut Creek Running,6.01,767,0:46,169,188,3.9,165,181,7:30,5:37,98,102,1.30,7.7,9.9,259,7:30,425,0.0,416,551,"7,422",-10,No,00:00:01.8,7,00:44:59,00:45:13,110,153
Running,2025-05-29 07:43:07,FALSE,Walnut Creek Running,3.10,387,0:34,126,144,2.0,155,223,10:49,8:44,115,98,0.95,9.4,8.9,301,10:47,294,0.0,291,438,"5,172",-7,No,00:01:07.3,4,00:33:27,00:34:57,120,221
Running,2025-05-28 19:06:56,FALSE,Walnut Creek Running,5.01,620,0:40,153,169,3.3,163,183,7:49,5:09,108,112,1.26,7.9,9.9,266,7:51,404,0.0,400,593,"6,384",-8,No,00:00:02.4,6,00:39:07,00:40:56,89,196
Running,2025-05-28 09:39:27,FALSE,Walnut Creek Running,3.01,348,0:20,170,189,3.3,173,181,6:28,5:57,56,62,1.44,6.8,9.8,232,6:28,481,0.0,478,545,"3,356",-5,No,00:00:02.3,4,00:19:24,00:19:26,123,190
Running,2025-05-27 07:05:31,FALSE,Walnut Creek Running,6.01,758,1:00,137,154,2.6,156,165,9:52,8:21,59,62,1.04,9.0,9.3,295,9:53,317,0.0,315,459,"9,250",-13,No,00:00:02.9,7,00:59:11,01:00:04,169,204
Running,2025-05-26 07:25:25,FALSE,Walnut Creek Running,8.01,"1,007",1:05,155,174,3.7,161,174,8:06,6:37,230,236,1.23,8.1,9.9,271,8:06,396,0.0,389,558,"10,466",-17,No,00:00:02.6,9,01:04:46,01:07:44,85,226
Track Running,2025-05-25 08:22:16,FALSE,Walnut Creek Track Running,"1,610",129,0:11,133,142,1.1,155,161,10:02,9:16,--,--,1.05,8.9,9.4,294,--,321,0.0,316,362,"1,552",-2,No,00:00:02.1,2,00:09:59,00:10:02,206,209
Track Running,2025-05-25 07:49:29,FALSE,Walnut Creek Track Running,"6,410",477,0:28,167,177,3.4,169,177,6:48,5:54,--,3,1.41,7.2,10.1,243,--,461,0.0,460,545,"4,576",-7,No,00:00:01.7,5,00:27:05,00:27:06,206,216
Track Running,2025-05-25 07:26:17,FALSE,Walnut Creek Track Running,"3,210",259,0:21,133,147,1.8,155,161,10:21,8:32,--,--,1.03,9.1,9.3,298,--,310,0.0,309,382,"3,176",-5,No,00:00:02.4,3,00:20:38,00:20:39,206,217
Treadmill Running,2025-05-24 11:46:09,FALSE,Treadmill Running,0.50,107,0:14,110,131,0.3,91,139,27:07,24:10,--,--,0.36,--,5.4,444,--,63,0.0,56,117,"1,350",-1,No,00:13:34,1,00:09:21,00:13:34,--,--
Track Running,2025-05-24 08:23:50,FALSE,Walnut Creek Track Running,"8,530",687,0:46,151,189,3.3,128,203,8:30,5:02,--,--,1.43,7.0,9.8,235,--,443,0.0,351,621,"6,098",-10,No,00:00:02.4,17,00:35:35,00:45:03,206,207
Track Running,2025-05-24 08:09:21,FALSE,Walnut Creek Track Running,"1,610",115,0:12,116,143,1.0,143,209,11:09,5:44,--,89,0.98,8.7,8.2,288,--,318,0.0,265,576,"1,604",-2,No,00:00:02.5,2,00:11:09,00:11:09,129,216
Running,2025-05-22 09:12:01,FALSE,Fullerton Running,1.01,93,0:06,150,162,1.9,182,215,5:49,5:22,7,10,1.51,6.2,9.3,209,5:52,522,0.0,517,606,"1,054",-2,No,00:00:02.1,2,00:05:51.2,00:05:51.3,220,228
Running,2025-05-22 09:06:46,FALSE,Fullerton Running,0.33,39,0:04,125,135,0.4,156,161,10:06,8:36,--,10,1.01,9.0,9.1,295,10:27,302,0.0,299,393,516,-1,No,00:03:17.7,1,00:03:17.7,00:03:17.7,208,220
Running,2025-05-21 14:06:21,FALSE,Fullerton Running,10.01,"1,440",1:32,177,187,4.5,157,170,9:07,7:22,138,141,1.12,8.5,9.5,281,9:06,349,0.0,341,451,"14,350",-19,No,00:00:04.9,11,01:29:56,01:32:23,227,272
Running,2025-05-20 08:54:11,FALSE,Reno Running,10.01,"1,302",1:29,157,178,3.8,159,174,8:49,7:01,499,509,1.14,8.5,9.7,282,8:46,365,0.0,362,486,"14,050",-23,No,00:00:02.6,11,01:28:15,01:29:44,"4,535","4,690"
Running,2025-05-19 08:05:43,FALSE,Reno Running,10.01,"1,304",1:26,157,172,3.7,159,172,8:32,7:14,568,577,1.18,8.3,9.8,280,8:28,381,0.0,375,572,"13,586",-23,No,00:00:04.3,11,01:25:18,01:26:46,"4,530","4,680"
Running,2025-05-18 12:09:48,FALSE,Reno Running,3.01,347,0:22,157,173,3.1,167,176,7:06,5:56,190,174,1.37,7.4,10.1,251,6:59,459,0.0,453,606,"3,550",-5,No,00:00:02.7,4,00:21:19,00:21:20,"4,535","4,685"